sys_num,width,length,height,time
1,52.885907,13.395837,20000000,6.678025584336877e-02
2,50.312052,12.373351,20000000,6.679765611123965e-02
3,47.796902, 19.381854,20000000,6.676231004475983e-02
4,50.619584,26.244260,20000000,6.679535296242765e-02
5,55.488272,28.787526,20000000,6.692558394802768e-02
